"","taxon","reference_no","subfamily","Tribe","Genus","Fossil","min_ma","max_ma","Notes"
"1","Agroecomyrmex_duisburgi",44414,"Agroecomyrmecinae","None","Agroecomyrmex","Yes",33.9,38,"Note"
"2","Eulithomyrmex_rugosus",4971,"Agroecomyrmecinae","None","Eulithomyrmex","Yes",33.9,37.2,"Note"
"3","Eulithomyrmex_striatus",4971,"Agroecomyrmecinae","None","Eulithomyrmex","Yes",33.9,37.2,"Note"
"4","Ambyloponinae",59088,"Ambyloponinae","None","None","Yes",20.44,23.03,"Note"
"5","Amblyoponini",53165,"Ambyloponinae","Amblyoponini","Amblyoponini","Yes",20.44,23.03,"Note"
"6","Casaleia_eocenica",43781,"Ambyloponinae","None","Casaleia","Yes",40.4,48.6,"Note"
"7","Casaleia_inversa",41286,"Ambyloponinae","None","Casaleia","Yes",5.333,15.97,"Note"
"8","Casaleia_longiventris",37344,"Ambyloponinae","None","Casaleia","Yes",11.608,12.7,"Note"
"9","Casaleia_orientalis",56094,"Ambyloponinae","None","Casaleia","Yes",33.9,38,"Note"
"10","Myopopone_sinensis",16579,"Ambyloponinae","None","Myopopone","Yes",11.608,15.97,"Note"
"11","Stigmatomma_electrina",44602,"Ambyloponinae","None","Stigmatomma","Yes",33.9,38,"Note"
"12","Stigmatomma_groehni",44602,"Ambyloponinae","None","Stigmatomma","Yes",33.9,38,"Note"
"13","Aneuretellus_deformis",44404,"Aneuretinae","None","Aneuretellus","Yes",41.3,47.8,"Note"
"14","Britaneuretus_anglicus",37729,"Aneuretinae","None","Britaneuretus","Yes",33.9,38,"Note"
"15","Burmomyrma_rossi",39313,"Aneuretinae","None","Burmomyrma","Yes",93.5,99.6,"Note"
"16","Cananeuretus_occidentalis",36535,"Aneuretinae","None","Cananeuretus","Yes",70.6,83.5,"Note"
"17","Mianeuretus",44418,"Aneuretinae","None","Mianeuretus","Yes",46.2,50.3,"Note"
"18","Mianeuretus_eocenicus",44418,"Aneuretinae","None","Mianeuretus","Yes",46.2,50.3,"Note"
"19","Mianeuretus_mirabilis",4971,"Aneuretinae","None","Mianeuretus","Yes",33.9,37.2,"Note"
"20","Paraneuretus_dubovikoffi",56094,"Aneuretinae","None","Paraneuretus","Yes",33.9,38,"Note"
"21","Paraneuretus_longicornis",40999,"Aneuretinae","None","Paraneuretus","Yes",33.9,38,"Note"
"22","Paraneuretus_tornquisti",40999,"Aneuretinae","None","Paraneuretus","Yes",33.9,38,"Note"
"23","Pityomyrmex_tornquisti",40999,"Aneuretinae","None","Pityomyrmex","Yes",33.9,38,"Note"
"24","Protaneuretus_succineus",40999,"Aneuretinae","None","Protaneuretus","Yes",33.9,38,"Note"
"25","Archaeopone_kzylzharica",37059,"Armaniinae","None","Archaeopone","Yes",89.8,93.9,"Note"
"26","Archaeopone_taylori",35238,"Armaniinae","None","Archaeopone","Yes",70.6,83.5,"Note"
"27","Armania",39728,"Armaniinae","None","Armania","Yes",89.8,93.9,"Note"
"28","Armania_capitata",39728,"Armaniinae","None","Armania","Yes",89.8,93.9,"Note"
"29","Armania_curiosa",35238,"Armaniinae","None","Armania","Yes",70.6,83.5,"Note"
"30","Armania_pristina",39728,"Armaniinae","None","Armania","Yes",89.8,93.9,"Note"
"31","Armania_robusta",35238,"Armaniinae","None","Armania","Yes",70.6,83.5,"Stem Ant?"
"32","Dolichomyrma_latipes",37059,"Armaniinae","None","Dolichomyrma","Yes",89.8,93.9,"Note"
"33","Dolichomyrma_longiceps",37059,"Armaniinae","None","Dolichomyrma","Yes",89.8,93.9,"Note"
"34","Khetania_mandibulata",39728,"Armaniinae","None","Khetania","Yes",89.8,93.9,"Note"
"35","Orapia_minor",38353,"Armaniinae","None","Orapia","Yes",89.8,93.9,"Note"
"36","Orapia_rayneri",38353,"Armaniinae","None","Orapia","Yes",89.8,93.9,"Note"
"37","Poneropterus_sphecoides",35238,"Armaniinae","None","Poneropterus","Yes",70.6,83.5,"Note"
"38","Pseudarmania_aberrans",35238,"Armaniinae","None","Pseudarmania","Yes",70.6,83.5,"Stem Ant?"
"39","Pseudarmania_rasnitsyni",35238,"Armaniinae","None","Pseudarmania","Yes",70.6,83.5,"Stem Ant?"
"40","Brownimecia_clavata",5815,"Brownimeciinae","","Brownimecia","Yes",89.8,93.9,"Note"
"41","Alloiomma_changweiensis",16579,"Dolichoderinae","None","Alloiomma","Yes",11.608,15.97,"Note"
"42","Alloiomma_differentialis",36942,"Dolichoderinae","None","Alloiomma","Yes",11.608,15.97,"Note"
"43","Asymphylomyrmex_balticus",40999,"Dolichoderinae","None","Asymphylomyrmex","Yes",33.9,38,"Note"
"44","Azteca",49381,"Dolichoderinae","","Azteca","Yes",15.97,23.03,"Note"
"45","Azteca_alpha",5207,"Dolichoderinae","","Azteca","Yes",13.82,20.44,"Note"
"46","Azteca_eumeces",5207,"Dolichoderinae","","Azteca","Yes",13.82,20.44,"Note"
"47","Chronomyrmex_medicinehatensis",47972,"Dolichoderinae","None","Chronomyrmex","Yes",70.6,83.5,"Note"
"48","Ctenobethylus_goepperti",38999,"Dolichoderinae","None","Ctenobethylus","Yes",28.4,33.9,"Note"
"49","Dolichoderinae",34859,"Dolichoderinae","None","None","Yes",5.333,7.246,"Note"
"50","Dolichoderus",8673,"Dolichoderinae","None","Dolichoderus","Yes",5.333,55.8,"Note"
"51","Dolichoderus_(Hypoclinea)_passalomma",44557,"Dolichoderinae","None","Dolichoderus","Yes",33.9,38,"Note"
"52","Dolichoderus_affectus",38999,"Dolichoderinae","None","Dolichoderus","Yes",28.4,33.9,"Note"
"53","Dolichoderus_antiquus",4971,"Dolichoderinae","None","Dolichoderus","Yes",33.9,37.2,"Note"
"54","Dolichoderus_balticus",38999,"Dolichoderinae","None","Dolichoderus","Yes",23.03,28.1,"Note"
"55","Dolichoderus_brevicornis",44557,"Dolichoderinae","None","Dolichoderus","Yes",33.9,38,"Note"
"56","Dolichoderus_brevipalpis",44558,"Dolichoderinae","None","Dolichoderus","Yes",33.9,38,"Note"
"57","Dolichoderus_brevipennis",44558,"Dolichoderinae","None","Dolichoderus","Yes",33.9,38,"Note"
"58","Dolichoderus_bruneti",38999,"Dolichoderinae","None","Dolichoderus","Yes",28.4,33.9,"Note"
"59","Dolichoderus_caribbaeus",5207,"Dolichoderinae","None","Dolichoderus","Yes",13.82,20.44,"Note"
"60","Dolichoderus_coquandi",38999,"Dolichoderinae","None","Dolichoderus","Yes",28.4,33.9,"Note"
"61","Dolichoderus_cornutus",44414,"Dolichoderinae","None","Dolichoderus","Yes",33.9,38,"Note"
"62","Dolichoderus_dibolius",5207,"Dolichoderinae","None","Dolichoderus","Yes",13.82,20.44,"Note"
"63","Dolichoderus_dlusskyi",55770,"Dolichoderinae","None","Dolichoderus","Yes",41.3,47.8,"Note"
"64","Dolichoderus_elegans",40999,"Dolichoderinae","None","Dolichoderus","Yes",33.9,38,"Note"
"65","Dolichoderus_evolans",16579,"Dolichoderinae","None","Dolichoderus","Yes",11.608,15.97,"Note"
"66","Dolichoderus_explicans",38738,"Dolichoderinae","None","Dolichoderus","Yes",28.4,33.9,"Note"
"67","Dolichoderus_granulinotus",44558,"Dolichoderinae","None","Dolichoderus","Yes",33.9,38,"Note"
"68","Dolichoderus_heeri",51760,"Dolichoderinae","None","Dolichoderus","Yes",11.608,12.7,"Note"
"69","Dolichoderus_jiaoyanshanensis",16579,"Dolichoderinae","None","Dolichoderus","Yes",11.608,15.97,"Note"
"70","Dolichoderus_kohlsi",44418,"Dolichoderinae","None","Dolichoderus","Yes",46.2,50.3,"Note"
"71","Dolichoderus_kutscheri",44558,"Dolichoderinae","None","Dolichoderus","Yes",33.9,38,"Note"
"72","Dolichoderus_kutschlinicus",44564,"Dolichoderinae","None","Dolichoderus","Yes",33.9,37.2,"Note"
"73","Dolichoderus_lacinius",16579,"Dolichoderinae","None","Dolichoderus","Yes",11.608,15.97,"Note"
"74","Dolichoderus_longipennis",44414,"Dolichoderinae","None","Dolichoderus","Yes",33.9,38,"Note"
"75","Dolichoderus_longipilosus",44557,"Dolichoderinae","None","Dolichoderus","Yes",33.9,38,"Note"
"76","Dolichoderus_lucidus",44558,"Dolichoderinae","None","Dolichoderus","Yes",33.9,38,"Note"
"77","Dolichoderus_luridivenosus",36942,"Dolichoderinae","None","Dolichoderus","Yes",11.608,15.97,"Note"
"78","Dolichoderus_mesosternalis",40999,"Dolichoderinae","None","Dolichoderus","Yes",33.9,38,"Note"
"79","Dolichoderus_nanus",44557,"Dolichoderinae","None","Dolichoderus","Yes",33.9,38,"Note"
"80","Dolichoderus_obliteratus",39765,"Dolichoderinae","None","Dolichoderus","Yes",23.03,33.9,"Note"
"81","Dolichoderus_oviformis",38999,"Dolichoderinae","None","Dolichoderus","Yes",33.9,37.2,"Note"
"82","Dolichoderus_passalomma",40999,"Dolichoderinae","None","Dolichoderus","Yes",33.9,38,"Note"
"83","Dolichoderus_perkovskyi",44558,"Dolichoderinae","None","Dolichoderus","Yes",33.9,38,"Note"
"84","Dolichoderus_pilipes",44558,"Dolichoderinae","None","Dolichoderus","Yes",33.9,38,"Note"
"85","Dolichoderus_pinguis",56094,"Dolichoderinae","None","Dolichoderus","Yes",33.9,38,"Note"
"86","Dolichoderus_polessus",44557,"Dolichoderinae","None","Dolichoderus","Yes",33.9,38,"Note"
"87","Dolichoderus_polonicus",44557,"Dolichoderinae","None","Dolichoderus","Yes",33.9,38,"Note"
"88","Dolichoderus_primitivus",5207,"Dolichoderinae","None","Dolichoderus","Yes",13.82,20.44,"Note"
"89","Dolichoderus_prolaminatus",5207,"Dolichoderinae","None","Dolichoderus","Yes",13.82,20.44,"Note"
"90","Dolichoderus_punctatus",44558,"Dolichoderinae","None","Dolichoderus","Yes",33.9,38,"Note"
"91","Dolichoderus_robustus",44557,"Dolichoderinae","None","Dolichoderus","Yes",33.9,38,"Note"
"92","Dolichoderus_rohweri",4971,"Dolichoderinae","None","Dolichoderus","Yes",33.9,37.2,"Note"
"93","Dolichoderus_sculpturatus",44414,"Dolichoderinae","None","Dolichoderus","Yes",33.9,38,"Note"
"94","Dolichoderus_tauricus",41286,"Dolichoderinae","None","Dolichoderus","Yes",13.82,15.97,"Note"
"95","Dolichoderus_tertiarius",44414,"Dolichoderinae","None","Dolichoderus","Yes",33.9,38,"Note"
"96","Dolichoderus_transversipetiolaris",36942,"Dolichoderinae","None","Dolichoderus","Yes",11.608,15.97,"Note"
"97","Dolichoderus_vectensis",5061,"Dolichoderinae","None","Dolichoderus","Yes",33.9,38,"Note"
"98","Dolichoderus_vexillarius",40999,"Dolichoderinae","None","Dolichoderus","Yes",33.9,38,"Note"
"99","Dolichoderus_vlaskini",44558,"Dolichoderinae","None","Dolichoderus","Yes",33.9,38,"Note"
"100","Dolichoderus_zherichini",44578,"Dolichoderinae","None","Dolichoderus","Yes",33.9,38,"Note"
"101","Elaeomyrmex_coloradensis",4971,"Dolichoderinae","None","Elaeomyrmex","Yes",33.9,37.2,"Note"
"102","Elaeomyrmex_gracilis",4971,"Dolichoderinae","None","Elaeomyrmex","Yes",33.9,37.2,"Note"
"103","Elaphrodites_mutatus",16579,"Dolichoderinae","None","Elaphrodites","Yes",11.608,15.97,"Note"
"104","Elaphrodites_scutulatus",16579,"Dolichoderinae","None","Elaphrodites","Yes",11.608,15.97,"Note"
"105","Eldermyrmex_oblongiceps",40999,"Dolichoderinae","None","Eldermyrmex","Yes",33.9,38,"Note"
"106","Electromyrmex_klebsi",40999,"Dolichoderinae","None","Electromyrmex","Yes",33.9,38,"Note"
"107","Emplastus_antiquus",37730,"Dolichoderinae","None","Emplastus","Yes",11.608,12.7,"Note"
"108","Emplastus_biamoensis",56094,"Dolichoderinae","None","Emplastus","Yes",33.9,38,"Note"
"109","Emplastus_britannicus",37729,"Dolichoderinae","None","Emplastus","Yes",33.9,38,"Note"
"110","Emplastus_dubius",51760,"Dolichoderinae","None","Emplastus","Yes",11.608,12.7,"Note"
"111","Emplastus_elongatus",56094,"Dolichoderinae","None","Emplastus","Yes",33.9,38,"Note"
"112","Emplastus_gurnetensis",5061,"Dolichoderinae","None","Emplastus","Yes",33.9,38,"Note"
"113","Emplastus_haueri",37730,"Dolichoderinae","None","Emplastus","Yes",11.608,12.7,"Note"
"114","Emplastus_hypolithus",37729,"Dolichoderinae","None","Emplastus","Yes",33.9,38,"Note"
"115","Emplastus_kozlovi",51861,"Dolichoderinae","None","Emplastus","Yes",33.9,38,"Note"
"116","Emplastus_macrops",56094,"Dolichoderinae","None","Emplastus","Yes",33.9,38,"Note"
"117","Emplastus_miocenicus",51760,"Dolichoderinae","None","Emplastus","Yes",11.608,12.7,"Note"
"118","Emplastus_ocellus",37344,"Dolichoderinae","None","Emplastus","Yes",11.608,12.7,"Note"
"119","Eotapinoma_compacta",44404,"Dolichoderinae","None","Eotapinoma","Yes",41.3,47.8,"Note"
"120","Eotapinoma_gracilis",44404,"Dolichoderinae","None","Eotapinoma","Yes",41.3,47.8,"Note"
"121","Eotapinoma_macalpini",38952,"Dolichoderinae","None","Eotapinoma","Yes",70.6,83.5,"Note"
"122","Eurymyrmex_geologicus",36942,"Dolichoderinae","None","Eurymyrmex","Yes",11.608,15.97,"Note"
"123","Forelius",49381,"Dolichoderinae","None","Forelius","Yes",15.97,23.03,"Note"
"124","Gracilidris_humiloides",5207,"Dolichoderinae","None","Gracilidris","Yes",13.82,20.44,"Note"
"125","Iridomyrmex",38990,"Dolichoderinae","None","Iridomyrmex","Yes",38,41.3,"Note"
"126","Iridomyrmex_shandongicus",16579,"Dolichoderinae","None","Iridomyrmex","Yes",11.608,15.97,"Note"
"127","Kotshkorkia_laticeps",41286,"Dolichoderinae","None","Kotshkorkia","Yes",5.333,15.97,"Note"
"128","Ktunaxia_jucunda",55770,"Dolichoderinae","None","Ktunaxia","Yes",41.3,47.8,"Note"
"129","Leptomyrmex_neotropicus",5207,"Dolichoderinae","None","Leptomyrmex","Yes",13.82,20.44,"Note"
"130","Leptomyrmula_maravignae",44518,"Dolichoderinae","None","Leptomyrmula","Yes",5.333,11.608,"Note"
"131","Linepithema",55004,"Dolichoderinae","None","Linepithema","Yes",13.82,20.44,"Note"
"132","Liometopum",38709,"Dolichoderinae","None","Liometopum","Yes",11.608,12.7,"Note"
"133","Liometopum_bogdassarovi",56276,"Dolichoderinae","None","Liometopum","Yes",33.9,38,"Note"
"134","Liometopum_eremicum",16579,"Dolichoderinae","None","Liometopum","Yes",11.608,15.97,"Note"
"135","Liometopum_imhoffii",37344,"Dolichoderinae","None","Liometopum","Yes",11.608,12.7,"Note"
"136","Liometopum_incognitum",56094,"Dolichoderinae","None","Liometopum","Yes",33.9,38,"Note"
"137","Liometopum_lubricum",36942,"Dolichoderinae","None","Liometopum","Yes",11.608,15.97,"Note"
"138","Liometopum_miocenicum",4971,"Dolichoderinae","None","Liometopum","Yes",33.9,37.2,"Note"
"139","Liometopum_oligocenicum",40999,"Dolichoderinae","None","Liometopum","Yes",33.9,38,"Note"
"140","Liometopum_potamophilum",16579,"Dolichoderinae","None","Liometopum","Yes",11.608,15.97,"Note"
"141","Liometopum_scudderi",4971,"Dolichoderinae","None","Liometopum","Yes",33.9,37.2,"Note"
"142","Miomyrmex_impactus",4971,"Dolichoderinae","None","Miomyrmex","Yes",33.9,37.2,"Note"
"143","Miomyrmex_striatus",4971,"Dolichoderinae","None","Miomyrmex","Yes",33.9,37.2,"Note"
"144","Petraeomyrmex_minimus",4971,"Dolichoderinae","None","Petraeomyrmex","Yes",33.9,37.2,"Note"
"145","Proiridomyrmex_rotundatus",55770,"Dolichoderinae","None","Proiridomyrmex","Yes",41.3,47.8,"Note"
"146","Proiridomyrmex_vetulus",44418,"Dolichoderinae","None","Proiridomyrmex","Yes",46.2,50.3,"Note"
"147","Protazteca_capitata",4971,"Dolichoderinae","None","Protazteca","Yes",33.9,37.2,"Note"
"148","Protazteca_elongata",4971,"Dolichoderinae","None","Protazteca","Yes",33.9,37.2,"Note"
"149","Protazteca_eocenica",55770,"Dolichoderinae","None","Protazteca","Yes",41.3,47.8,"Note"
"150","Protazteca_hendersoni",5014,"Dolichoderinae","None","Protazteca","Yes",33.9,37.2,"Note"
"151","Protazteca_quadrata",4971,"Dolichoderinae","None","Protazteca","Yes",33.9,37.2,"Note"
"152","Tapinoma",39584,"Dolichoderinae","None","Tapinoma","Yes",5.333,11.608,"Note"
"153","Tapinoma_aberrans",44578,"Dolichoderinae","None","Tapinoma","Yes",33.9,38,"Note"
"154","Tapinoma_baculum",16579,"Dolichoderinae","None","Tapinoma","Yes",11.608,15.97,"Note"
"155","Tapinoma_electrinum",44578,"Dolichoderinae","None","Tapinoma","Yes",33.9,38,"Note"
"156","Tapinoma_minutissimum",44518,"Dolichoderinae","None","Tapinoma","Yes",5.333,11.608,"Note"
"157","Tapinoma_troche",5207,"Dolichoderinae","None","Tapinoma","Yes",13.82,20.44,"Note"
"158","Technomyrmex_caritatis",44634,"Dolichoderinae","None","Technomyrmex","Yes",13.82,20.44,"Note"
"159","Technomyrmex_deletus",44518,"Dolichoderinae","None","Technomyrmex","Yes",5.333,11.608,"Note"
"160","Technomyrmex_hispaniolae",5207,"Dolichoderinae","None","Technomyrmex","Yes",13.82,20.44,"Note"
"161","Technomyrmex_septentrionalis",16579,"Dolichoderinae","None","Technomyrmex","Yes",11.608,15.97,"Note"
"162","Usomyrma_mirabilis",53816,"Dolichoderinae","None","Usomyrma","Yes",33.9,38,"Note"
"163","Yantaromyrmex_constrictus",44414,"Dolichoderinae","None","Yantaromyrmex","Yes",33.9,38,"Note"
"164","Yantaromyrmex_geinitzi",38999,"Dolichoderinae","None","Yantaromyrmex","Yes",28.4,33.9,"Note"
"165","Yantaromyrmex_intermedius",50040,"Dolichoderinae","None","Yantaromyrmex","Yes",33.9,38,"Note"
"166","Yantaromyrmex_mayrianum",50040,"Dolichoderinae","None","Yantaromyrmex","Yes",33.9,38,"Note"
"167","Yantaromyrmex_samlandicus",40999,"Dolichoderinae","None","Yantaromyrmex","Yes",33.9,38,"Note"
"168","Zherichinius_horribilis",44404,"Dolichoderinae","None","Zherichinius","Yes",41.3,47.8,"Note"
"169","Zherichinius_rapax",44404,"Dolichoderinae","None","Zherichinius","Yes",41.3,47.8,"Note"
"170","Acanthostichus_hispaniolicus",44410,"Dorylinae","","Acanthostichus","Yes",13.82,20.44,"Note"
"171","Cylindromyrmex_antillanus",44524,"Dorylinae","None","Cylindromyrmex","Yes",13.82,20.44,"Note"
"172","Cylindromyrmex_electrinus",44524,"Dorylinae","None","Cylindromyrmex","Yes",13.82,20.44,"Note"
"173","Cylindromyrmex_inopinatus",44525,"Dorylinae","None","Cylindromyrmex","Yes",13.82,20.44,"Note"
"174","Dorylinae",50423,"Dorylinae","None","None","Yes",1.8,4.9,"Note"
"175","Lioponera",38999,"Dorylinae","None","Lioponera","Yes",28.4,33.9,"Note"
"176","Neivamyrmex",52386,"Dorylinae","None","Neivamyrmex","Yes",15.97,23.03,"Note"
"177","Neivamyrmex_ectopus",5206,"Dorylinae","None","Neivamyrmex","Yes",13.82,20.44,"Note"
"178","Procerapachys_annosus",40999,"Dorylinae","None","Procerapachys","Yes",33.9,38,"Note"
"179","Procerapachys_favosus",40999,"Dorylinae","None","Procerapachys","Yes",33.9,38,"Note"
"180","Procerapachys_sulcatus",44602,"Dorylinae","None","Procerapachys","Yes",33.9,38,"Note"
"181","Canapone_dentata",38952,"Ectatomminae","None","Canapone","Yes",70.6,83.5,"Note"
"182","Ectatomma_gracile",44518,"Ectatomminae","","Ectatomma","Yes",5.333,11.608,"Note"
"183","Gnamptogenys_brunoi",44600,"Ectatomminae","","Gnamptogenys","Yes",13.82,20.44,"Note"
"184","Gnamptogenys_casca",44600,"Ectatomminae","","Gnamptogenys","Yes",13.82,20.44,"Note"
"185","Gnamptogenys_europaea",44414,"Ectatomminae","","Gnamptogenys","Yes",33.9,38,"Note"
"186","Gnamptogenys_levinates",44601,"Ectatomminae","","Gnamptogenys","Yes",13.82,20.44,"Note"
"187","Gnamptogenys_pristina",44601,"Ectatomminae","","Gnamptogenys","Yes",13.82,20.44,"Note"
"188","Gnamptogenys_rohdendorfi",44602,"Ectatomminae","","Gnamptogenys","Yes",33.9,38,"Note"
"189","Pseudectatomma_eocenica",43781,"Ectatomminae","None","Pseudectatomma","Yes",40.4,48.6,"Note"
"190","Pseudectatomma_striatula",43781,"Ectatomminae","None","Pseudectatomma","Yes",40.4,48.6,"Note"
"191","Rhytidoponera_gibsoni",59088,"Ectatomminae","None","Rhytidoponera","Yes",20.44,23.03,"Note"
"192","Rhytidoponera_kirghizorum",41286,"Ectatomminae","None","Rhytidoponera","Yes",5.333,15.97,"Note"
"193","Rhytidoponera_waipiata",59088,"Ectatomminae","None","Rhytidoponera","Yes",20.44,23.03,"Note"
"194","Titanomyrma_gigantea",44589,"Fomiciinae","None","Titanomyrma","Yes",40.4,48.6,"Note"
"195","Titanomyrma_lubei",35980,"Fomiciinae","None","Titanomyrma","Yes",48.6,55.8,"Note"
"196","Titanomyrma_simillima",44589,"Fomiciinae","None","Titanomyrma","Yes",40.4,48.6,"Note"
"197","Acropyga",40600,"Formicinae","","Acropyga","Yes",13.82,20.44,"Note"
"198","Acropyga_glaesaria",40302,"Formicinae","","Acropyga","Yes",13.82,20.44,"Note"
"199","Camponotini",51248,"Formicinae","Camponotini","None","Yes",2.588,3.6,"Note"
"200","Camponotites",41286,"Formicinae","None","Camponotites","Yes",11.608,15.97,"Note"
"201","Camponotites_kraussei",40968,"Formicinae","None","Camponotites","Yes",47.8,56,"Note"
"202","Camponotites_macropterus",41286,"Formicinae","None","Camponotites","Yes",11.608,15.97,"Note"
"203","Camponotites_silvestris",51248,"Formicinae","None","Camponotites","Yes",2.588,3.6,"Note"
"204","Camponotites_steinbachi",36140,"Formicinae","None","Camponotites","Yes",2.588,3.6,"Note"
"205","Camponotites_xiejiaheensis",16579,"Formicinae","None","Camponotites","Yes",11.608,15.97,"Note"
"206","Camponotus",35523,"Formicinae","None","Camponotus","Yes",15.97,20.43,"Note"
"207","Camponotus_ambon",16579,"Formicinae","None","Camponotus","Yes",11.608,15.97,"Note"
"208","Camponotus_ampullosus",16579,"Formicinae","None","Camponotus","Yes",11.608,15.97,"Note"
"209","Camponotus_cockerelli",5061,"Formicinae","None","Camponotus","Yes",33.9,38,"Note"
"210","Camponotus_compactus",38738,"Formicinae","None","Camponotus","Yes",28.4,33.9,"Note"
"211","Camponotus_crozei",51140,"Formicinae","None","Camponotus","Yes",5.333,8.7,"Note"
"212","Camponotus_curviansatus",16579,"Formicinae","None","Camponotus","Yes",11.608,15.97,"Note"
"213","Camponotus_festinatus",44458,"Formicinae","None","Camponotus","Yes",15.97,20.43,"Note"
"214","Camponotus_festinus",16579,"Formicinae","None","Camponotus","Yes",11.608,15.97,"Note"
"215","Camponotus_fuscipennis",4971,"Formicinae","None","Camponotus","Yes",33.9,37.2,"Note"
"216","Camponotus_gracilis",16579,"Formicinae","None","Camponotus","Yes",11.608,15.97,"Note"
"217","Camponotus_heracleus",37344,"Formicinae","None","Camponotus","Yes",11.608,12.7,"Note"
"218","Camponotus_herculeanus",52251,"Formicinae","None","Camponotus","Yes",1.806,2.588,"Note"
"219","Camponotus_induratus",37344,"Formicinae","None","Camponotus","Yes",11.608,12.7,"Note"
"220","Camponotus_lignitus",37344,"Formicinae","None","Camponotus","Yes",11.608,12.7,"Note"
"221","Camponotus_longiventris",38999,"Formicinae","None","Camponotus","Yes",23.03,28.1,"Note"
"222","Camponotus_longus",16579,"Formicinae","None","Camponotus","Yes",11.608,15.97,"Note"
"223","Camponotus_luteus",16579,"Formicinae","None","Camponotus","Yes",11.608,15.97,"Note"
"224","Camponotus_mengei",38999,"Formicinae","None","Camponotus","Yes",28.4,33.9,"Note"
"225","Camponotus_microcephalus",4971,"Formicinae","None","Camponotus","Yes",33.9,37.2,"Note"
"226","Camponotus_microthoracus",16579,"Formicinae","None","Camponotus","Yes",11.608,15.97,"Note"
"227","Camponotus_mitis",16579,"Formicinae","None","Camponotus","Yes",11.608,15.97,"Note"
"228","Camponotus_novotnyi",44459,"Formicinae","None","Camponotus","Yes",28.1,33.9,"Note"
"229","Camponotus_obesus",44462,"Formicinae","None","Camponotus","Yes",7.246,11.62,"Note"
"230","Camponotus_oeningensis",37344,"Formicinae","None","Camponotus","Yes",11.608,12.7,"Note"
"231","Camponotus_palaeopterus",16579,"Formicinae","None","Camponotus","Yes",11.608,15.97,"Note"
"232","Camponotus_penninervis",38999,"Formicinae","None","Camponotus","Yes",23.03,28.1,"Note"
"233","Camponotus_petrifactus",4971,"Formicinae","None","Camponotus","Yes",33.9,37.2,"Note"
"234","Camponotus_pictus",36942,"Formicinae","None","Camponotus","Yes",11.608,15.97,"Note"
"235","Camponotus_pinguiculus",37344,"Formicinae","None","Camponotus","Yes",11.608,12.7,"Note"
"236","Camponotus_plenus",16579,"Formicinae","None","Camponotus","Yes",11.608,15.97,"Note"
"237","Camponotus_shanwangensis",16579,"Formicinae","None","Camponotus","Yes",11.608,15.97,"Note"
"238","Camponotus_theobaldi",38999,"Formicinae","None","Camponotus","Yes",23.03,28.1,"Note"
"239","Camponotus_tokunagai",52927,"Formicinae","None","Camponotus","Yes",48.6,55.8,"Note"
"240","Camponotus_ullrichi",44435,"Formicinae","None","Camponotus","Yes",5.333,7.246,"Note"
"241","Camponotus_vehemens",38738,"Formicinae","None","Camponotus","Yes",28.4,33.9,"Note"
"242","Camponotus_vetus",5133,"Formicinae","None","Camponotus","Yes",46.2,50.3,"Note"
"243","Cataglyphoides_constrictus",44414,"Formicinae","None","Cataglyphoides","Yes",33.9,38,"Note"
"244","Cataglyphoides_intermedius",44522,"Formicinae","None","Cataglyphoides","Yes",33.9,38,"Note"
"245","Chimaeromyrma_brachycephala",44404,"Formicinae","None","Chimaeromyrma","Yes",41.3,47.8,"Note"
"246","Conoformica_bitterfeldiana",44522,"Formicinae","None","Conoformica","Yes",33.9,38,"Note"
"247","Curtipalpulus_eocenicus",40725,"Formicinae","None","Curtipalpulus","Yes",48.6,55.8,"Note"
"248","Drymomyrmex_claripennis",40999,"Formicinae","None","Drymomyrmex","Yes",33.9,38,"Note"
"249","Drymomyrmex_fuscipennis",38999,"Formicinae","None","Drymomyrmex","Yes",28.4,33.9,"Note"
"250","Eoleptocerites_chinensis",40725,"Formicinae","None","Eoleptocerites","Yes",48.6,55.8,"Note"
"251","Eoleptocerites_fushunensis",40725,"Formicinae","None","Eoleptocerites","Yes",48.6,55.8,"Note"
"252","Eurytarsites_fushunensis",40725,"Formicinae","None","Eurytarsites","Yes",48.6,55.8,"Note"
"253","Formica",38999,"Formicinae","None","Formica","Yes",33.9,37.2,"Note"
"254","Formica_alsatica",38999,"Formicinae","None","Formica","Yes",28.4,33.9,"Note"
"255","Formica_annosa",55770,"Formicinae","None","Formica","Yes",41.3,47.8,"Note"
"256","Formica_arcana",39765,"Formicinae","None","Formica","Yes",23.03,33.9,"Note"
"257","Formica_auxillacensis",44462,"Formicinae","None","Formica","Yes",5.333,7.246,"Note"
"258","Formica_bauckhorni",44433,"Formicinae","None","Formica","Yes",23.03,28.4,"Note"
"259","Formica_biamoensis",56094,"Formicinae","None","Formica","Yes",33.9,38,"Note"
"260","Formica_buphthalma",44517,"Formicinae","None","Formica","Yes",15.97,16.9,"Note"
"261","Formica_cantalica",44462,"Formicinae","None","Formica","Yes",7.246,11.62,"Note"
"262","Formica_ceps",16579,"Formicinae","None","Formica","Yes",11.608,15.97,"Note"
"263","Formica_cockerelli",4971,"Formicinae","None","Formica","Yes",33.9,37.2,"Note"
"264","Formica_demersa",37344,"Formicinae","None","Formica","Yes",11.608,12.7,"Note"
"265","Formica_eoptera",42241,"Formicinae","None","Formica","Yes",33.9,37.2,"Note"
"266","Formica_flavifemoralis",36942,"Formicinae","None","Formica","Yes",11.608,15.97,"Note"
"267","Formica_flori",38999,"Formicinae","None","Formica","Yes",28.4,33.9,"Note"
"268","Formica_fusca",16579,"Formicinae","None","Formica","Yes",11.608,15.97,"Note"
"269","Formica_gibbosa",44584,"Formicinae","None","Formica","Yes",33.9,38,"Note"
"270","Formica_globiventris",37344,"Formicinae","None","Formica","Yes",11.608,12.7,"Note"
"271","Formica_grandis",4971,"Formicinae","None","Formica","Yes",33.9,37.2,"Note"
"272","Formica_gravida",37344,"Formicinae","None","Formica","Yes",11.608,12.7,"Note"
"273","Formica_gustawi",44522,"Formicinae","None","Formica","Yes",33.9,38,"Note"
"274","Formica_heteroptera",41450,"Formicinae","None","Formica","Yes",41.3,47.8,"Note"
"275","Formica_horrida",40999,"Formicinae","None","Formica","Yes",33.9,38,"Note"
"276","Formica_immersa",37344,"Formicinae","None","Formica","Yes",11.608,12.7,"Note"
"277","Formica_kutscheri",44522,"Formicinae","None","Formica","Yes",33.9,38,"Note"
"278","Formica_latinodosa",38999,"Formicinae","None","Formica","Yes",23.03,28.1,"Note"
"279","Formica_lavateri",37344,"Formicinae","None","Formica","Yes",11.608,12.7,"Note"
"280","Formica_linquensis",16579,"Formicinae","None","Formica","Yes",11.608,15.97,"Note"
"281","Formica_longicollis",37344,"Formicinae","None","Formica","Yes",11.608,12.7,"Note"
"282","Formica_lucida",47505,"Formicinae","None","Formica","Yes",33.9,38,"Note"
"283","Formica_luteola",44584,"Formicinae","None","Formica","Yes",33.9,38,"Note"
"284","Formica_macrocephala",37344,"Formicinae","None","Formica","Yes",11.608,12.7,"Note"
"285","Formica_macrognatha",44584,"Formicinae","None","Formica","Yes",33.9,38,"Note"
"286","Formica_macrophthalma",37344,"Formicinae","None","Formica","Yes",11.608,12.7,"Note"
"287","Formica_maculipennis",44462,"Formicinae","None","Formica","Yes",5.333,7.246,"Note"
"288","Formica_martynovi",44457,"Formicinae","None","Formica","Yes",11.608,12.7,"Note"
"289","Formica_neorufibarbis",55325,"Formicinae","None","Formica","Yes",0.0117,0.126,"Note"
"290","Formica_nigra",44584,"Formicinae","None","Formica","Yes",33.9,38,"Note"
"291","Formica_obscura",37344,"Formicinae","None","Formica","Yes",11.608,12.7,"Note"
"292","Formica_orbata",37344,"Formicinae","None","Formica","Yes",11.608,12.7,"Note"
"293","Formica_ovala",16579,"Formicinae","None","Formica","Yes",11.608,15.97,"Note"
"294","Formica_palaeopolonica",44522,"Formicinae","None","Formica","Yes",33.9,38,"Note"
"295","Formica_paleosibirica",56094,"Formicinae","None","Formica","Yes",33.9,38,"Note"
"296","Formica_parexsecta",51760,"Formicinae","None","Formica","Yes",11.608,12.7,"Note"
"297","Formica_parvula",44584,"Formicinae","None","Formica","Yes",33.9,38,"Note"
"298","Formica_phaethusa",40999,"Formicinae","None","Formica","Yes",33.9,38,"Note"
"299","Formica_pitoni",44462,"Formicinae","None","Formica","Yes",2.588,3.6,"Note"
"300","Formica_primitiva",37344,"Formicinae","None","Formica","Yes",11.608,12.7,"Note"
"301","Formica_primordialis",37344,"Formicinae","None","Formica","Yes",11.608,12.7,"Note"
"302","Formica_procera",37344,"Formicinae","None","Formica","Yes",11.608,12.7,"Note"
"303","Formica_pulchella",37344,"Formicinae","None","Formica","Yes",11.608,12.7,"Note"
"304","Formica_quadrata",44586,"Formicinae","None","Formica","Yes",33.9,38,"Note"
"305","Formica_radchenkoi",44522,"Formicinae","None","Formica","Yes",33.9,38,"Note"
"306","Formica_robusta",4971,"Formicinae","None","Formica","Yes",33.9,37.2,"Note"
"307","Formica_sepulta",38999,"Formicinae","None","Formica","Yes",28.4,33.9,"Note"
"308","Formica_serresi",38999,"Formicinae","None","Formica","Yes",23.03,28.1,"Note"
"309","Formica_seuberti",37344,"Formicinae","None","Formica","Yes",11.608,12.7,"Note"
"310","Formica_strangulata",40999,"Formicinae","None","Formica","Yes",33.9,38,"Note"
"311","Formica_surinamensis",44587,"Formicinae","None","Formica","Yes",33.9,38,"Note"
"312","Formica_trigona",44584,"Formicinae","None","Formica","Yes",33.9,38,"Note"
"313","Formica_tripartita",38999,"Formicinae","None","Formica","Yes",28.4,33.9,"Note"
"314","Formica_ungeri",37344,"Formicinae","None","Formica","Yes",11.608,12.7,"Note"
"315","Formica_zherikhini",44522,"Formicinae","None","Formica","Yes",33.9,38,"Note"
"316","Formicinae",44418,"Formicinae","None","None","Yes",46.2,50.3,"Note"
"317","Fushuniformica_spinata",40725,"Formicinae","None","Fushuniformica","Yes",48.6,55.8,"Note"
"318","Gesomyrmex_bremii",37344,"Formicinae","None","Gesomyrmex","Yes",11.608,12.7,"Note"
"319","Gesomyrmex_breviceps",44599,"Formicinae","None","Gesomyrmex","Yes",40.4,48.6,"Note"
"320","Gesomyrmex_curiosus",44599,"Formicinae","None","Gesomyrmex","Yes",40.4,48.6,"Note"
"321","Gesomyrmex_flavescens",44599,"Formicinae","None","Gesomyrmex","Yes",40.4,48.6,"Note"
"322","Gesomyrmex_germanicus",44599,"Formicinae","None","Gesomyrmex","Yes",40.4,48.6,"Note"
"323","Gesomyrmex_hoernesi",40999,"Formicinae","None","Gesomyrmex","Yes",33.9,38,"Note"
"324","Gesomyrmex_incertus",56094,"Formicinae","None","Gesomyrmex","Yes",33.9,38,"Note"
"325","Gesomyrmex_macrops",56094,"Formicinae","None","Gesomyrmex","Yes",33.9,38,"Note"
"326","Gesomyrmex_magnus",56094,"Formicinae","None","Gesomyrmex","Yes",33.9,38,"Note"
"327","Gesomyrmex_pulcher",44599,"Formicinae","None","Gesomyrmex","Yes",40.4,48.6,"Note"
"328","Glaphyromyrmex_oligocenicus",38999,"Formicinae","None","Glaphyromyrmex","Yes",28.4,33.9,"Note"
"329","Heeridris_croaticus",51760,"Formicinae","None","Heeridris","Yes",11.608,12.7,"Note"
"330","Huaxiaformica_mallepetiolata",40725,"Formicinae","None","Huaxiaformica","Yes",48.6,55.8,"Note"
"331","Imhoffia_nigra",37344,"Formicinae","None","Imhoffia","Yes",11.608,12.7,"Note"
"332","Imhoffia_pallida",38709,"Formicinae","None","Imhoffia","Yes",11.608,12.7,"Note"
"333","Kyromyrma_neffi",36269,"Formicinae","None","Kyromyrma","Yes",89.8,93.9,"Note"
"334","Lasius",39931,"Formicinae","None","Lasius","Yes",20.44,23.03,"Note"
"335","Lasius_anthracinus",51760,"Formicinae","None","Lasius","Yes",11.608,12.7,"Note"
"336","Lasius_chambonensis",44462,"Formicinae","None","Lasius","Yes",2.588,3.6,"Note"
"337","Lasius_crispus",44462,"Formicinae","None","Lasius","Yes",7.246,11.62,"Note"
"338","Lasius_epicentrus",38999,"Formicinae","None","Lasius","Yes",23.03,28.1,"Note"
"339","Lasius_globularis",38709,"Formicinae","None","Lasius","Yes",23.03,28.1,"Note"
"340","Lasius_glom",55770,"Formicinae","None","Lasius","Yes",41.3,47.8,"Note"
"341","Lasius_inflatus",16579,"Formicinae","None","Lasius","Yes",11.608,15.97,"Note"
"342","Lasius_longaevus",51392,"Formicinae","None","Lasius","Yes",11.608,12.7,"Note"
"343","Lasius_longipennis",37344,"Formicinae","None","Lasius","Yes",11.608,12.7,"Note"
"344","Lasius_mordicus",16579,"Formicinae","None","Lasius","Yes",11.608,15.97,"Note"
"345","Lasius_nemorivagus",40999,"Formicinae","None","Lasius","Yes",33.9,38,"Note"
"346","Lasius_oblongus",37742,"Formicinae","None","Lasius","Yes",5.333,11.608,"Note"
"347","Lasius_occultatus",37344,"Formicinae","None","Lasius","Yes",12.7,13.65,"Note"
"348","Lasius_ophthalmicus",51392,"Formicinae","None","Lasius","Yes",11.608,12.7,"Note"
"349","Lasius_peritulus",4971,"Formicinae","None","Lasius","Yes",33.9,37.2,"Note"
"350","Lasius_pumilus",44414,"Formicinae","None","Lasius","Yes",33.9,38,"Note"
"351","Lasius_punctulatus",44414,"Formicinae","None","Lasius","Yes",33.9,38,"Note"
"352","Lasius_schiefferdeckeri",44414,"Formicinae","None","Lasius","Yes",33.9,38,"Note"
"353","Lasius_tertiarius",44614,"Formicinae","None","Lasius","Yes",11.608,12.7,"Note"
"354","Lasius_truncatus",16579,"Formicinae","None","Lasius","Yes",11.608,15.97,"Note"
"355","Lasius_validus",16579,"Formicinae","None","Lasius","Yes",11.608,15.97,"Note"
"356","Lasius_vetulus",16579,"Formicinae","None","Lasius","Yes",11.608,15.97,"Note"
"357","Leptogasteritus_capricornutes",40725,"Formicinae","None","Leptogasteritus","Yes",48.6,55.8,"Note"
"358","Leucotaphus_donisthorpei",51861,"Formicinae","None","Leucotaphus","Yes",33.9,38,"Note"
"359","Leucotaphus_gurnetensis",37729,"Formicinae","None","Leucotaphus","Yes",33.9,38,"Note"
"360","Liaoformica_longipetiolata",40725,"Formicinae","None","Liaoformica","Yes",48.6,55.8,"Note"
"361","Longiformica_dongzhouheensis",40725,"Formicinae","None","Longiformica","Yes",48.6,55.8,"Note"
"362","Longiformica_guchengziensis",40725,"Formicinae","None","Longiformica","Yes",48.6,55.8,"Note"
"363","Magnogasterites_curticornutus",40725,"Formicinae","None","Magnogasterites","Yes",48.6,55.8,"Note"
"364","Myrmecorhynchus_novaeseelandiae",59088,"Formicinae","None","Myrmecorhynchus","Yes",20.44,23.03,"Note"
"365","Nylanderia_pygmaea",44414,"Formicinae","None","Nylanderia","Yes",33.9,38,"Note"
"366","Nylanderia_vetula",44618,"Formicinae","None","Nylanderia","Yes",13.82,20.44,"Note"
"367","Oecophylla_atavina",37729,"Formicinae","None","Oecophylla","Yes",33.9,38,"Note"
"368","Oecophylla_bartoniana",41450,"Formicinae","None","Oecophylla","Yes",41.3,47.8,"Note"
"369","Oecophylla_brischkei",44414,"Formicinae","None","Oecophylla","Yes",33.9,38,"Note"
"370","Oecophylla_crassinoda",40999,"Formicinae","None","Oecophylla","Yes",33.9,38,"Note"
"371","Oecophylla_eckfeldiana",37721,"Formicinae","None","Oecophylla","Yes",40.4,48.6,"Note"
"372","Oecophylla_grandimandibula",51140,"Formicinae","None","Oecophylla","Yes",5.333,8.7,"Note"
"373","Oecophylla_leakeyi",44619,"Formicinae","None","Oecophylla","Yes",15.97,20.44,"Note"
"374","Oecophylla_longiceps",37721,"Formicinae","None","Oecophylla","Yes",40.4,48.6,"Note"
"375","Oecophylla_megarche",37729,"Formicinae","None","Oecophylla","Yes",33.9,38,"Note"
"376","Oecophylla_obesa",37344,"Formicinae","None","Oecophylla","Yes",11.608,12.7,"Note"
"377","Oecophylla_praeclara",38738,"Formicinae","None","Oecophylla","Yes",28.4,33.9,"Note"
"378","Oecophylla_sicula",44518,"Formicinae","None","Oecophylla","Yes",5.333,11.608,"Note"
"379","Oecophylla_superba",38999,"Formicinae","None","Oecophylla","Yes",28.4,33.9,"Note"
"380","Orbicapitia_reticulata",40725,"Formicinae","None","Orbicapitia","Yes",48.6,55.8,"Note"
"381","Ovalicapito_fushunensis",40725,"Formicinae","None","Ovalicapito","Yes",48.6,55.8,"Note"
"382","Ovaligastrula_xilutianensis",40725,"Formicinae","None","Ovaligastrula","Yes",48.6,55.8,"Note"
"383","Plagiolepis_klinsmanni",44414,"Formicinae","None","Plagiolepis","Yes",33.9,38,"Note"
"384","Plagiolepis_kuenowi",44414,"Formicinae","None","Plagiolepis","Yes",33.9,38,"Note"
"385","Plagiolepis_labilis",44518,"Formicinae","None","Plagiolepis","Yes",5.333,11.608,"Note"
"386","Plagiolepis_minutissima",44578,"Formicinae","None","Plagiolepis","Yes",33.9,38,"Note"
"387","Plagiolepis_paradoxa",44621,"Formicinae","None","Plagiolepis","Yes",33.9,38,"Note"
"388","Plagiolepis_singularis",44414,"Formicinae","None","Plagiolepis","Yes",33.9,38,"Note"
"389","Plagiolepis_solitaria",44414,"Formicinae","None","Plagiolepis","Yes",33.9,38,"Note"
"390","Plagiolepis_squamifera",44414,"Formicinae","None","Plagiolepis","Yes",33.9,38,"Note"
"391","Plagiolepis_wheeleri",44621,"Formicinae","None","Plagiolepis","Yes",33.9,38,"Note"
"392","Polyrhachis_annosus",42983,"Formicinae","None","Polyrhachis","Yes",5.333,7.246,"Note"
"393","Prenolepis_henschei",39242,"Formicinae","","Prenolepis","Yes",33.9,38,"Note"
"394","Prodimorphomyrmex_primigenius",40999,"Formicinae","None","Prodimorphomyrmex","Yes",33.9,38,"Note"
"395","Protoformica_proformicoides",11234,"Formicinae","None","Protoformica","Yes",33.9,38,"Note"
"396","Protomyrmica_atavia",44624,"Formicinae","None","Protomyrmica","Yes",33.9,38,"Note"
"397","Protrechina_carpenteri",38990,"Formicinae","None","Protrechina","Yes",38,41.3,"Note"
"398","Pseudocamponotus_elkoanus",4971,"Formicinae","None","Pseudocamponotus","Yes",28.4,37.2,"Note"
"399","Pseudolasius_boreus",40999,"Formicinae","None","Pseudolasius","Yes",33.9,38,"Note"
"400","Sicilomyrmex_corniger",44518,"Formicinae","None","Sicilomyrmex","Yes",5.333,11.608,"Note"
"401","Sinoformica_longicapitata",40725,"Formicinae","None","Sinoformica","Yes",48.6,55.8,"Note"
"402","Sinotenuicapito_badis",40725,"Formicinae","None","Sinotenuicapito","Yes",48.6,55.8,"Note"
"403","Wilsonia_liaoningensis",40725,"Formicinae","None","Wilsonia","Yes",48.6,55.8,"Note"
"404","Wilsonia_megagastrosa",40725,"Formicinae","None","Wilsonia","Yes",48.6,55.8,"Note"
"405","Zatania_electra",44640,"Formicinae","None","Zatania","Yes",13.82,20.44,"Note"
"406","Formicium_berryi",44588,"Fomiciinae","None","Formicium","Yes",38,41.3,"Note"
"407","Formicium_brodiei",49700,"Fomiciinae","None","Formicium","Yes",33.9,38,"Note"
"408","Calyptites_antediluvianum",39765,"Incertae","None","Calyptites","Yes",23.03,33.9,"Possibly not an ant, date seems goofy"
"409","Camelomecia",58266,"Incertae","None","Camelomecia","Yes",93.5,99.6,"Possibly not an ant"
"410","Camelomecia_janovitzi",58266,"Incertae","None","Camelomecia","Yes",93.5,99.6,"Possibly not an ant"
"411","Cretopone_magna",37059,"Incertae","None","Cretopone","Yes",89.8,93.9,"Possibly not an ant"
"412","Curticorna_leptogastrosa",40725,"Incertae","None","Curticorna","Yes",48.6,55.8,"Possibly not an ant"
"413","Eoaenictites_castanifurvus",40725,"Incertae","None","Eoaenictites","Yes",48.6,55.8,"Maybe not an ant"
"414","Eoformica_brevipetiola",55770,"Incertae","None","Eoformica","Yes",41.3,47.8,"Maybe not an ant"
"415","Eoformica_expectans",38999,"Incertae","None","Eoformica","Yes",28.4,33.9,"Maybe not an ant"
"416","Eoformica_globularis",44418,"Incertae","None","Eoformica","Yes",46.2,50.3,"Maybe not an ant"
"417","Eoformica_latimedia",55770,"Incertae","None","Eoformica","Yes",41.3,47.8,"Maybe not an ant"
"418","Eoformica_magna",44418,"Incertae","None","Eoformica","Yes",46.2,50.3,"Maybe not an ant"
"419","Eoformica_pinguis",5045,"Incertae","None","Eoformica","Yes",46.2,50.3,"Maybe not an ant"
"420","Fonsecahymen_stigmata",44582,"Incertae","None","Fonsecahymen","Yes",33.9,38,"Maybe not an ant"
"421","Klondikia_whiteae",44418,"Incertae","None","Klondikia","Yes",47.8,56,"Maybe not an ant"
"422","Kohlsimyrma_gracilis",44418,"Incertae","None","Kohlsimyrma","Yes",46.2,50.3,"Maybe not an ant"
"423","Kohlsimyrma_laticeps",44418,"Incertae","None","Kohlsimyrma","Yes",46.2,50.3,"Maybe not an ant"
"424","Kohlsimyrma_longiceps",44418,"Incertae","None","Kohlsimyrma","Yes",46.2,50.3,"Maybe not an ant"
"425","Myanmyrma_gracilis",36535,"Incertae","None","Myanmyrma","Yes",93.5,99.6,"Maybe not an ant"
"426","Petropone_petiolata",37059,"Incertae","None","Petropone","Yes",89.8,93.9,"Note"
"427","Eocynipites_xilutianensis",40725,"Insect","None","Eocynipites","Yes",48.6,55.8,"Not an ant"
"428","Pristomyrmex_rasnitsyni",44628,"Myrmicinae","None","Pristomyrmex","Yes",33.9,38,"Note"
"429","Quadrulicapito_longa",40725,"Myrmicinae","None","Quadrulicapito","Yes",48.6,55.8,"Note"
"430","Sinomyrmex_brunneus",40725,"Myrmicinae","None","Sinomyrmex","Yes",48.6,55.8,"Note"
"431","Sinomyrmex_furvis",40725,"Myrmicinae","None","Sinomyrmex","Yes",48.6,55.8,"Note"
"432","Solenopsidini",39931,"Myrmicinae","Solenopsidini","Solenopsidini","Yes",20.44,23.03,"Note"
"433","Solenopsis",56112,"Myrmicinae","Solenopsidini","Solenopsis","Yes",5.333,8.7,"Note"
"434","Solenopsis_alena",38999,"Myrmicinae","Solenopsidini","Solenopsis","Yes",28.4,33.9,"Note"
"435","Solenopsis_blanda",38738,"Myrmicinae","Solenopsidini","Solenopsis","Yes",28.4,33.9,"Note"
"436","Solenopsis_foersteri",38999,"Myrmicinae","Solenopsidini","Solenopsis","Yes",28.4,33.9,"Note"
"437","Solenopsis_maxima",38738,"Myrmicinae","Solenopsidini","Solenopsis","Yes",28.4,33.9,"Note"
"438","Solenopsis_moesta",38738,"Myrmicinae","Solenopsidini","Solenopsis","Yes",28.4,33.9,"Note"
"439","Solenopsis_privata",38738,"Myrmicinae","Solenopsidini","Solenopsis","Yes",28.4,33.9,"Note"
"440","Solenopsis_superba",38738,"Myrmicinae","Solenopsidini","Solenopsis","Yes",28.4,33.9,"Note"
"441","Solenopsis_valida",38738,"Myrmicinae","Solenopsidini","Solenopsis","Yes",28.4,33.9,"Note"
"442","Solenopsites_abdita",55770,"Myrmicinae","Solenopsidini","Solenopsites","Yes",41.3,47.8,"Note"
"443","Solenopsites_minutus",44418,"Myrmicinae","Solenopsidini","Solenopsites","Yes",46.2,50.3,"Note"
"444","Solenopsites_rossi",51861,"Myrmicinae","Solenopsidini","Solenopsites","Yes",33.9,38,"Note"
"445","Veromessor_andrei",52639,"Myrmicinae","None","Veromessor","Yes",0.012,0.3,"Note"
"446","Vollenhovia_beyrichi",44414,"Myrmicinae","None","Vollenhovia","Yes",33.9,38,"Note"
"447","Vollenhovia_prisca",44622,"Myrmicinae","None","Vollenhovia","Yes",33.9,38,"Note"
"448","Wumyrmex_furvis",40725,"Myrmicinae","None","Wumyrmex","Yes",48.6,55.8,"Note"
"449","Zhangidris_atopogaster",16579,"Myrmicinae","None","Zhangidris","Yes",11.608,15.97,"Note"
"450","Archimyrmex_piatnitzkyi",44403,"Myrmiciinae","None","Archimyrmex","Yes",41.3,47.8,"Note"
"451","Archimyrmex_rostratus",44405,"Myrmiciinae","None","Archimyrmex","Yes",46.2,50.3,"Note"
"452","Archimyrmex_smekali",44436,"Myrmiciinae","None","Archimyrmex","Yes",41.3,47.8,"Note"
"453","Archimyrmex_wedmannae",41794,"Myrmiciinae","None","Archimyrmex","Yes",40.4,48.6,"Note"
"454","Avitomyrmex_elongatus",38422,"Myrmiciinae","None","Avitomyrmex","Yes",47.8,56,"Note"
"455","Avitomyrmex_mastax",38422,"Myrmiciinae","None","Avitomyrmex","Yes",47.8,56,"Note"
"456","Avitomyrmex_systenus",38422,"Myrmiciinae","None","Avitomyrmex","Yes",47.8,56,"Note"
"457","Myrmeciites",38422,"Myrmiciinae","None","Myrmeciites","Yes",47.8,56,"Note"
"458","Myrmeciites_goliath",38422,"Myrmiciinae","None","Myrmeciites","Yes",47.8,56,"Note"
"459","Myrmeciites_herculeanus",38422,"Myrmiciinae","None","Myrmeciites","Yes",47.8,56,"Note"
"460","Myrmeciites_tabanifluviensis",38422,"Myrmiciinae","None","Myrmeciites","Yes",47.8,56,"Note"
"461","Prionomyrmex",49311,"Myrmiciinae","None","Prionomyrmex","Yes",33.9,38,"Note"
"462","Prionomyrmex_janzeni",44627,"Myrmiciinae","None","Prionomyrmex","Yes",33.9,56,"Note"
"463","Prionomyrmex_longiceps",44414,"Myrmiciinae","None","Prionomyrmex","Yes",33.9,38,"Note"
"464","Prionomyrmex_wappleri",41794,"Myrmiciinae","None","Prionomyrmex","Yes",23.03,28.4,"Note"
"465","Ypresiomyrma_bartletti",38422,"Myrmiciinae","None","Ypresiomyrma","Yes",47.8,56,"Note"
"466","Ypresiomyrma_orbiculata",38422,"Myrmiciinae","None","Ypresiomyrma","Yes",47.8,56,"Note"
"467","Ypresiomyrma_orientalis",56094,"Myrmiciinae","None","Ypresiomyrma","Yes",33.9,38,"Note"
"468","Ypresiomyrma_rebekkae",44639,"Myrmiciinae","None","Ypresiomyrma","Yes",47.8,56,"Note"
"469","Acanthognathus_poinari",44409,"Myrmicinae","None","Acanthognathus","Yes",13.82,20.44,"Note"
"470","Afromyrma_petrosa",38353,"Myrmicinae","None","Afromyrma","Yes",89.8,93.9,"Note"
"471","Agastomyrma_laticeps",56094,"Myrmicinae","None","Agastomyrma","Yes",33.9,38,"Note"
"472","Aphaenogaster",34859,"Myrmicinae","None","Aphaenogaster","Yes",5.333,7.246,"Note"
"473","Aphaenogaster_amphioceanica",5186,"Myrmicinae","","Aphaenogaster","Yes",13.82,20.44,"Note"
"474","Aphaenogaster_antiqua",44578,"Myrmicinae","","Aphaenogaster","Yes",33.9,38,"Note"
"475","Aphaenogaster_archaica",44433,"Myrmicinae","","Aphaenogaster","Yes",23.03,28.4,"Note"
"476","Aphaenogaster_avita",34858,"Myrmicinae","None","Aphaenogaster","Yes",13.82,15.97,"Note"
"477","Aphaenogaster_donisthorpei",4971,"Myrmicinae","","Aphaenogaster","Yes",33.9,37.2,"Note"
"478","Aphaenogaster_dumetora",47627,"Myrmicinae","","Aphaenogaster","Yes",11.608,15.97,"Note"
"479","Aphaenogaster_lapidescens",16579,"Myrmicinae","","Aphaenogaster","Yes",11.608,15.97,"Note"
"480","Aphaenogaster_longaeva",39765,"Myrmicinae","Attini","Aphaenogaster","Yes",23.03,33.9,"Note"
"481","Aphaenogaster_maculata",38999,"Myrmicinae","","Aphaenogaster","Yes",23.03,28.1,"Note"
"482","Aphaenogaster_maculipes",38999,"Myrmicinae","","Aphaenogaster","Yes",28.4,33.9,"Note"
"483","Aphaenogaster_mayri",4971,"Myrmicinae","","Aphaenogaster","Yes",33.9,37.2,"Note"
"484","Aphaenogaster_mersa",40999,"Myrmicinae","","Aphaenogaster","Yes",33.9,38,"Note"
"485","Aphaenogaster_oligocenica",40999,"Myrmicinae","","Aphaenogaster","Yes",33.9,38,"Note"
"486","Aphaenogaster_paludosa",16579,"Myrmicinae","","Aphaenogaster","Yes",11.608,15.97,"Note"
"487","Aphaenogaster_pannonica",44435,"Myrmicinae","","Aphaenogaster","Yes",5.333,7.246,"Note"
"488","Aphaenogaster_praerelicta",5186,"Myrmicinae","","Aphaenogaster","Yes",15.97,23.03,"Note"
"489","Aphaenogaster_shanwangensis",15208,"Myrmicinae","","Aphaenogaster","Yes",11.608,15.97,"Note"
"490","Aphaenogaster_sommerfeldti",44414,"Myrmicinae","","Aphaenogaster","Yes",33.9,38,"Note"
"491","Apterostigma_electropilosum",40811,"Myrmicinae","","Apterostigma","Yes",13.82,20.44,"Note"
"492","Apterostigma_eowilsoni",40811,"Myrmicinae","","Apterostigma","Yes",13.82,20.44,"Note"
"493","Attopsis_longipennis",37344,"Myrmicinae","None","Attopsis","Yes",11.608,12.7,"Note"
"494","Attopsis_longipes",38709,"Myrmicinae","None","Attopsis","Yes",11.608,12.7,"Note"
"495","Biamomyrma_lata",56094,"Myrmicinae","None","Biamomyrma","Yes",33.9,38,"Note"
"496","Biamomyrma_rugosa",56094,"Myrmicinae","None","Biamomyrma","Yes",33.9,38,"Note"
"497","Biamomyrma_zherikhini",56094,"Myrmicinae","None","Biamomyrma","Yes",33.9,38,"Note"
"498","Bilobomyrma_baltica",48824,"Myrmicinae","None","Bilobomyrma","Yes",33.9,38,"Note"
"499","Bilobomyrma_ukrainica",48824,"Myrmicinae","None","Bilobomyrma","Yes",33.9,38,"Note"
"500","Boltonidris_mirabilis",48397,"Myrmicinae","None","Boltonidris","Yes",33.9,38,"Note"
"501","Brachytarsites_dongzhouheensis",40725,"Myrmicinae","None","Brachytarsites","Yes",48.6,55.8,"Note"
"502","Carebara_antiqua",44414,"Myrmicinae","Crematogastrini","Carebara","Yes",33.9,38,"Note"
"503","Carebara_bohemica",44517,"Myrmicinae","Crematogastrini","Carebara","Yes",15.97,16.9,"Note"
"504","Carebara_nitida",44578,"Myrmicinae","Crematogastrini","Carebara","Yes",33.9,38,"Note"
"505","Carebara_rugiceps",37344,"Myrmicinae","Crematogastrini","Carebara","Yes",11.608,12.7,"Note"
"506","Carebara_schossnicensis",37742,"Myrmicinae","Crematogastrini","Carebara","Yes",5.333,11.608,"Note"
"507","Carebara_sophiae",44518,"Myrmicinae","Crematogastrini","Carebara","Yes",5.333,11.608,"Note"
"508","Carebara_thorali",44519,"Myrmicinae","Crematogastrini","Carebara","Yes",23.03,28.1,"Note"
"509","Carebara_ucrainica",44578,"Myrmicinae","Crematogastrini","Carebara","Yes",33.9,38,"Note"
"510","Cataulacus",51392,"Myrmicinae","None","Cataulacus","Yes",11.608,12.7,"Note"
"511","Cataulacus_planiceps",44518,"Myrmicinae","None","Cataulacus","Yes",5.333,11.608,"Note"
"512","Cataulacus_plebeius",44523,"Myrmicinae","None","Cataulacus","Yes",15.97,20.44,"Note"
"513","Cataulacus_silvestrii",44518,"Myrmicinae","None","Cataulacus","Yes",5.333,11.608,"Note"
"514","Cephalomyrmex_rotundatus",4971,"Myrmicinae","None","Cephalomyrmex","Yes",33.9,37.2,"Note"
"515","Cephalotes",57466,"Myrmicinae","None","Cephalotes","Yes",15.97,23.03,"Note"
"516","Cephalotes_alveolatus",40531,"Myrmicinae","None","Cephalotes","Yes",13.82,20.44,"Note"
"517","Cephalotes_bloosi",40586,"Myrmicinae","None","Cephalotes","Yes",13.82,20.44,"Note"
"518","Cephalotes_brevispineus",40586,"Myrmicinae","None","Cephalotes","Yes",13.82,20.44,"Note"
"519","Cephalotes_caribicus",40586,"Myrmicinae","None","Cephalotes","Yes",13.82,20.44,"Note"
"520","Cephalotes_dieteri",40586,"Myrmicinae","None","Cephalotes","Yes",13.82,20.44,"Note"
"521","Cephalotes_hispaniolicus",40586,"Myrmicinae","None","Cephalotes","Yes",13.82,20.44,"Note"
"522","Cephalotes_integerrimus",40531,"Myrmicinae","None","Cephalotes","Yes",13.82,20.44,"Note"
"523","Cephalotes_jansei",40531,"Myrmicinae","None","Cephalotes","Yes",13.82,20.44,"Note"
"524","Cephalotes_maya",40586,"Myrmicinae","None","Cephalotes","Yes",15.97,23.03,"Note"
"525","Cephalotes_obscurus",40531,"Myrmicinae","None","Cephalotes","Yes",13.82,20.44,"Note"
"526","Cephalotes_olmecus",40586,"Myrmicinae","None","Cephalotes","Yes",15.97,23.03,"Note"
"527","Cephalotes_poinari",40586,"Myrmicinae","None","Cephalotes","Yes",15.97,23.03,"Note"
"528","Cephalotes_resinae",40586,"Myrmicinae","None","Cephalotes","Yes",0,0.0117,"Note"
"529","Cephalotes_serratus",40531,"Myrmicinae","None","Cephalotes","Yes",13.82,20.44,"Note"
"530","Cephalotes_squamosus",40531,"Myrmicinae","None","Cephalotes","Yes",13.82,20.44,"Note"
"531","Cephalotes_sucinus",40586,"Myrmicinae","None","Cephalotes","Yes",13.82,20.44,"Note"
"532","Cephalotes_taino",40586,"Myrmicinae","None","Cephalotes","Yes",0,0.0117,"Note"
"533","Cephalotes_ventriosus",40586,"Myrmicinae","None","Cephalotes","Yes",15.97,23.03,"Note"
"534","Clavipetiola_asiatica",40725,"Myrmicinae","None","Clavipetiola","Yes",48.6,55.8,"Note"
"535","Crematogaster",57466,"Myrmicinae","None","Crematogaster","Yes",15.97,23.03,"Note"
"536","Crematogaster_aurora",55770,"Myrmicinae","None","Crematogaster","Yes",41.3,47.8,"Note"
"537","Crematogaster_praecursor",44518,"Myrmicinae","None","Crematogaster","Yes",5.333,11.608,"Note"
"538","Cyphomyrmex_maya",44526,"Myrmicinae","None","Cyphomyrmex","Yes",15.97,23.03,"Note"
"539","Cyphomyrmex_taino",44526,"Myrmicinae","None","Cyphomyrmex","Yes",13.82,20.44,"Note"
"540","Electroponera_dubia",40999,"Myrmicinae","None","Electroponera","Yes",33.9,38,"Note"
"541","Enneamerus_reticulatus",44414,"Myrmicinae","None","Enneamerus","Yes",33.9,38,"Note"
"542","Eocenidris_crassa",38990,"Myrmicinae","None","Eocenidris","Yes",38,41.3,"Note"
"543","Eocenomyrma_electrina",44580,"Myrmicinae","None","Eocenomyrma","Yes",33.9,38,"Note"
"544","Eocenomyrma_elegantula",44580,"Myrmicinae","None","Eocenomyrma","Yes",33.9,38,"Note"
"545","Eocenomyrma_orthospina",44580,"Myrmicinae","None","Eocenomyrma","Yes",33.9,38,"Note"
"546","Eocenomyrma_rugosostriata",44414,"Myrmicinae","None","Eocenomyrma","Yes",33.9,38,"Note"
"547","Eomyrmex_guchengziensis",44613,"Myrmicinae","None","Eomyrmex","Yes",48.6,55.8,"Note"
"548","Fallomyrma_transversa",44581,"Myrmicinae","None","Fallomyrma","Yes",33.9,38,"Note"
"549","Fushunomyrmex_liaoningensis",40725,"Myrmicinae","None","Fushunomyrmex","Yes",48.6,55.8,"Note"
"550","Hypopomyrmex_bombiccii",44518,"Myrmicinae","None","Hypopomyrmex","Yes",5.333,11.608,"Note"
"551","Ilemomyrmex_caecus",5205,"Myrmicinae","None","Ilemomyrmex","Yes",13.82,20.44,"Note"
"552","Leptothorax",39515,"Myrmicinae","None","Leptothorax","Yes",5.333,7.246,"Note"
"553","Leptothorax_muscorum",54747,"Myrmicinae","None","Leptothorax","Yes",0.0117,0.126,"Note"
"554","Lonchomyrmex_freyeri",38709,"Myrmicinae","None","Lonchomyrmex","Yes",11.608,12.7,"Note"
"555","Lonchomyrmex_nigritus",37742,"Myrmicinae","None","Lonchomyrmex","Yes",5.333,11.608,"Note"
"556","Macabeemyrma_ovata",38422,"Myrmicinae","None","Macabeemyrma","Yes",47.8,56,"Note"
"557","Messor",34859,"Myrmicinae","None","Messor","Yes",5.333,7.246,"Note"
"558","Messor_sculpturatus",4971,"Myrmicinae","None","Messor","Yes",33.9,37.2,"Note"
"559","Miosolenopsis_fossilis",16579,"Myrmicinae","None","Miosolenopsis","Yes",11.608,15.97,"Note"
"560","Monomorium",44580,"Myrmicinae","None","Monomorium","Yes",33.9,38,"Note"
"561","Monomorium_kugleri",40645,"Myrmicinae","None","Monomorium","Yes",33.9,38,"Note"
"562","Monomorium_mayrianum",44414,"Myrmicinae","None","Monomorium","Yes",33.9,38,"Note"
"563","Monomorium_pilipes",44414,"Myrmicinae","None","Monomorium","Yes",33.9,38,"Note"
"564","Myrmecites_dubius",56094,"Myrmicinae","None","Myrmecites","Yes",33.9,38,"Note"
"565","Myrmecites_latus",51760,"Myrmicinae","None","Myrmecites","Yes",11.608,12.7,"Note"
"566","Myrmecites_major",56094,"Myrmicinae","None","Myrmecites","Yes",33.9,38,"Note"
"567","Myrmecites_pusillus",37344,"Myrmicinae","None","Myrmecites","Yes",11.608,12.7,"Note"
"568","Myrmecites_rotundiceps",44418,"Myrmicinae","None","Myrmecites","Yes",46.2,50.3,"Note"
"569","Myrmecites_sibiricus",56094,"Myrmicinae","None","Myrmecites","Yes",33.9,38,"Note"
"570","Myrmica",37344,"Myrmicinae","None","Myrmica","Yes",11.608,12.7,"Note"
"571","Myrmica_eocenica",40541,"Myrmicinae","None","Myrmica","Yes",33.9,38,"Note"
"572","Myrmica_incompleta",54747,"Myrmicinae","None","Myrmica","Yes",0.0117,0.126,"Note"
"573","Myrmica_intermedia",40999,"Myrmicinae","None","Myrmica","Yes",33.9,38,"Note"
"574","Myrmica_lobifrons",55325,"Myrmicinae","None","Myrmica","Yes",0.0117,0.126,"Note"
"575","Myrmica_longispinosa",44414,"Myrmicinae","None","Myrmica","Yes",33.9,38,"Note"
"576","Myrmica_paradoxa",40541,"Myrmicinae","None","Myrmica","Yes",33.9,38,"Note"
"577","Myrmica_rudis",40541,"Myrmicinae","None","Myrmica","Yes",33.9,38,"Note"
"578","Myrmicinae",34859,"Myrmicinae","None","None","Yes",5.333,7.246,"Note"
"579","Myrmicites",38738,"Myrmicinae","None","Myrmicites","Yes",28.4,33.9,"Note"
"580","Nesomyrmex_caritatis",44617,"Myrmicinae","None","Nesomyrmex","Yes",13.82,20.44,"Note"
"581","Nesomyrmex_dominicanus",44617,"Myrmicinae","None","Nesomyrmex","Yes",13.82,20.44,"Note"
"582","Orbigastrula_guchengziensis",40725,"Myrmicinae","None","Orbigastrula","Yes",48.6,55.8,"Note"
"583","Oxyidris_antillana",5205,"Myrmicinae","None","Oxyidris","Yes",13.82,20.44,"Note"
"584","Parameranoplus_primaevus",40999,"Myrmicinae","None","Parameranoplus","Yes",33.9,38,"Note"
"585","Paraphaenogaster_hooleyana",51861,"Myrmicinae","None","Paraphaenogaster","Yes",33.9,38,"Note"
"586","Paraphaenogaster_jurinei",37344,"Myrmicinae","None","Paraphaenogaster","Yes",11.608,12.7,"Note"
"587","Paraphaenogaster_microphthalmus",41286,"Myrmicinae","None","Paraphaenogaster","Yes",11.608,15.97,"Note"
"588","Paraphaenogaster_tertiaria",37344,"Myrmicinae","None","Paraphaenogaster","Yes",11.608,12.7,"Note"
"589","Pheidole",44620,"Myrmicinae","None","Pheidole","Yes",13.82,20.44,"Note"
"590","Pheidole_cordata",44586,"Myrmicinae","None","Pheidole","Yes",33.9,38,"Note"
"591","Pheidole_pallidula",56112,"Myrmicinae","None","Pheidole","Yes",5.333,8.7,"Note"
"592","Pheidole_primigenia",44620,"Myrmicinae","None","Pheidole","Yes",13.82,20.44,"Note"
"593","Pheidole_rasnitsyni",47543,"Myrmicinae","None","Pheidole","Yes",0,0.0117,"Note"
"594","Pheidole_tertiaria",4971,"Myrmicinae","None","Pheidole","Yes",33.9,37.2,"Note"
"595","Pheidole_tethepa",5205,"Myrmicinae","None","Pheidole","Yes",13.82,20.44,"Note"
"596","Plesiomyrmex_tubulatus",44624,"Myrmicinae","None","Plesiomyrmex","Yes",33.9,38,"Note"
"597","Podomyrma_mayri",44518,"Myrmicinae","None","Podomyrma","Yes",5.333,11.608,"Note"
"598","Pogonomyrmex_fossilis",4971,"Myrmicinae","None","Pogonomyrmex","Yes",33.9,37.2,"Note"
"599","Quineangulicapito_fushunensis",40725,"Myrmicinae","None","Quineangulicapito","Yes",48.6,55.8,"Note"
"600","Sphaerogasterites_longipetiolatus",40725,"Myrmicinae","None","Sphaerogasterites","Yes",48.6,55.8,"Note"
"601","Stenamma_berendti",44414,"Myrmicinae","None","Stenamma","Yes",33.9,38,"Note"
"602","Stigmomyrmex_venustus",44414,"Myrmicinae","None","Stigmomyrmex","Yes",33.9,38,"Note"
"603","Stiphromyrmex_robustus",44414,"Myrmicinae","None","Stiphromyrmex","Yes",33.9,38,"Note"
"604","Strumigenys_electrina",44409,"Myrmicinae","None","Strumigenys","Yes",13.82,20.44,"Note"
"605","Strumigenys_pilosula",44632,"Myrmicinae","None","Strumigenys","Yes",13.82,20.44,"Note"
"606","Strumigenys_poinari",44632,"Myrmicinae","None","Strumigenys","Yes",13.82,20.44,"Note"
"607","Strumigenys_schleeorum",44409,"Myrmicinae","None","Strumigenys","Yes",13.82,20.44,"Note"
"608","Temnothorax_glaesarius",40999,"Myrmicinae","None","Temnothorax","Yes",33.9,38,"Note"
"609","Temnothorax_gracilis",44414,"Myrmicinae","None","Temnothorax","Yes",33.9,38,"Note"
"610","Temnothorax_hystriculus",40999,"Myrmicinae","None","Temnothorax","Yes",33.9,38,"Note"
"611","Temnothorax_longaevus",40999,"Myrmicinae","None","Temnothorax","Yes",33.9,38,"Note"
"612","Temnothorax_petiolata",44414,"Myrmicinae","None","Temnothorax","Yes",33.9,38,"Note"
"613","Temnothorax_placivus",40999,"Myrmicinae","None","Temnothorax","Yes",33.9,38,"Note"
"614","Temnothorax_praecreolus",44636,"Myrmicinae","None","Temnothorax","Yes",13.82,20.44,"Note"
"615","Tetramorium_kulickae",56231,"Myrmicinae","None","Tetramorium","Yes",33.9,38,"Note"
"616","Tetramorium_paraarmatum",56231,"Myrmicinae","None","Tetramorium","Yes",33.9,38,"Note"
"617","Trachymyrmex_primaevus",44637,"Myrmicinae","None","Trachymyrmex","Yes",13.82,20.44,"Note"
"618","Cephites_fragilis",37344,"None","None","Cephites","Yes",11.608,12.7,"Fly"
"619","Cephites_oeningensis",37344,"None","None","Cephites","Yes",11.608,12.7,"Fly"
"620","Formicidae",34084,"None","None","None","Yes",47.8,56,"Note"
"621","Paraponera",5208,"Paraponerinae","None","Paraponera","Yes",13.82,20.44,"Note"
"622","Paraponera_dieteri",40058,"Paraponerinae","None","Paraponera","Yes",13.82,20.44,"Note"
"623","Afropone_oculata",38353,"Ponerinae","None","Afropone","Yes",89.8,93.9,"Note"
"624","Afropone_orapa",38353,"Ponerinae","None","Afropone","Yes",89.8,93.9,"Note"
"625","Anochetus_ambiguus",44411,"Ponerinae","","Anochetus","Yes",13.82,20.44,"Note"
"626","Anochetus_brevidentatus",44411,"Ponerinae","","Anochetus","Yes",13.82,20.44,"Note"
"627","Anochetus_conisquamis",44411,"Ponerinae","","Anochetus","Yes",13.82,20.44,"Note"
"628","Anochetus_corayi",44413,"Ponerinae","","Anochetus","Yes",13.82,20.44,"Note"
"629","Anochetus_dubius",44411,"Ponerinae","","Anochetus","Yes",13.82,20.44,"Note"
"630","Anochetus_exstinctus",44411,"Ponerinae","","Anochetus","Yes",13.82,20.44,"Note"
"631","Anochetus_intermedius",44411,"Ponerinae","","Anochetus","Yes",13.82,20.44,"Note"
"632","Anochetus_lucidus",44411,"Ponerinae","","Anochetus","Yes",13.82,20.44,"Note"
"633","Archiponera_wheeleri",4971,"Ponerinae","None","Archiponera","Yes",33.9,37.2,"Note"
"634","Austroponera_schneideri",59088,"Ponerinae","None","Austroponera","Yes",20.44,23.03,"Note"
"635","Cephalopone_grandis",43781,"Ponerinae","None","Cephalopone","Yes",40.4,48.6,"Note"
"636","Cephalopone_potens",43781,"Ponerinae","None","Cephalopone","Yes",40.4,48.6,"Note"
"637","Cyrtopone_curiosa",43781,"Ponerinae","None","Cyrtopone","Yes",40.4,48.6,"Note"
"638","Cyrtopone_elongata",43781,"Ponerinae","None","Cyrtopone","Yes",40.4,48.6,"Note"
"639","Cyrtopone_microcephala",43781,"Ponerinae","None","Cyrtopone","Yes",40.4,48.6,"Note"
"640","Cyrtopone_striata",43781,"Ponerinae","None","Cyrtopone","Yes",40.4,48.6,"Note"
"641","Eogorgites_cingulatus",40725,"Ponerinae","None","Eogorgites","Yes",48.6,55.8,"Note"
"642","Eoponerites_longipetiolatus",40725,"Ponerinae","None","Eoponerites","Yes",48.6,55.8,"Note"
"643","Furcisutura_wanghuacunensis",40725,"Ponerinae","None","Furcisutura","Yes",48.6,55.8,"Note"
"644","Hypoponera_atavia",44414,"Ponerinae","None","Hypoponera","Yes",33.9,38,"Note"
"645","Hypoponera_scitula",49030,"Ponerinae","None","Hypoponera","Yes",2.588,5.333,"Note"
"646","Leptogenys_chinensis",16579,"Ponerinae","None","Leptogenys","Yes",11.608,15.97,"Note"
"647","Leptogenys_lacerata",16579,"Ponerinae","None","Leptogenys","Yes",11.608,15.97,"Note"
"648","Longicapitia_reticulata",40725,"Ponerinae","None","Longicapitia","Yes",48.6,55.8,"Note"
"649","Messelepone_leptogenoides",43781,"Ponerinae","None","Messelepone","Yes",40.4,48.6,"Note"
"650","Odontomachus_paleomyagra",53443,"Ponerinae","None","Odontomachus","Yes",16.9,20,"Note"
"651","Odontomachus_pseudobauri",44411,"Ponerinae","None","Odontomachus","Yes",13.82,20.44,"Note"
"652","Odontomachus_spinifer",44411,"Ponerinae","None","Odontomachus","Yes",13.82,20.44,"Note"
"653","Pachycondyla",57466,"Ponerinae","None","Pachycondyla","Yes",15.97,23.03,"Note"
"654","Pachycondyla_aberrans",56094,"Ponerinae","None","Pachycondyla","Yes",33.9,38,"Note"
"655","Pachycondyla_baltica",44585,"Ponerinae","None","Pachycondyla","Yes",33.9,38,"Note"
"656","Pachycondyla_calcarea",38999,"Ponerinae","None","Pachycondyla","Yes",28.4,33.9,"Note"
"657","Pachycondyla_conservata",44602,"Ponerinae","None","Pachycondyla","Yes",33.9,38,"Note"
"658","Pachycondyla_dubia",38999,"Ponerinae","None","Pachycondyla","Yes",28.4,33.9,"Note"
"659","Pachycondyla_eocenica",43781,"Ponerinae","None","Pachycondyla","Yes",40.4,48.6,"Note"
"660","Pachycondyla_globiventris",38999,"Ponerinae","None","Pachycondyla","Yes",28.4,33.9,"Note"
"661","Pachycondyla_gracilicornis",44414,"Ponerinae","None","Pachycondyla","Yes",33.9,38,"Note"
"662","Pachycondyla_labandeirai",44418,"Ponerinae","None","Pachycondyla","Yes",46.2,50.3,"Note"
"663","Pachycondyla_lutzi",43781,"Ponerinae","None","Pachycondyla","Yes",40.4,48.6,"Note"
"664","Pachycondyla_messeliana",43781,"Ponerinae","None","Pachycondyla","Yes",40.4,48.6,"Note"
"665","Pachycondyla_minutansata",16579,"Ponerinae","None","Pachycondyla","Yes",11.608,15.97,"Note"
"666","Pachycondyla_nubeculata",16579,"Ponerinae","None","Pachycondyla","Yes",11.608,15.97,"Note"
"667","Pachycondyla_oligocenica",56094,"Ponerinae","None","Pachycondyla","Yes",33.9,38,"Note"
"668","Pachycondyla_parvula",43781,"Ponerinae","None","Pachycondyla","Yes",40.4,48.6,"Note"
"669","Pachycondyla_petiolosa",43781,"Ponerinae","None","Pachycondyla","Yes",40.4,48.6,"Note"
"670","Pachycondyla_petrosa",43781,"Ponerinae","None","Pachycondyla","Yes",40.4,48.6,"Note"
"671","Pachycondyla_succinea",44414,"Ponerinae","None","Pachycondyla","Yes",33.9,38,"Note"
"672","Pachycondyla_tristis",44602,"Ponerinae","None","Pachycondyla","Yes",33.9,38,"Note"
"673","Platythyrea_dentata",40294,"Ponerinae","None","Platythyrea","Yes",13.82,20.44,"Note"
"674","Platythyrea_dlusskyi",36397,"Ponerinae","None","Platythyrea","Yes",48.6,55.8,"Note"
"675","Platythyrea_primaeva",38999,"Ponerinae","None","Platythyrea","Yes",28.4,33.9,"Note"
"676","Platythyrea_procera",40294,"Ponerinae","None","Platythyrea","Yes",13.82,20.44,"Note"
"677","Platythyrea_pumilio",44623,"Ponerinae","None","Platythyrea","Yes",13.82,20.44,"Note"
"678","Platythyrea_scalprum",40294,"Ponerinae","None","Platythyrea","Yes",13.82,20.44,"Note"
"679","Ponera_elegantissima",54829,"Ponerinae","None","Ponera","Yes",23.03,28.4,"Note"
"680","Ponera_leptocephala",44518,"Ponerinae","None","Ponera","Yes",5.333,11.608,"Note"
"681","Ponera_lobulifera",44602,"Ponerinae","None","Ponera","Yes",33.9,38,"Note"
"682","Ponera_mayri",44602,"Ponerinae","None","Ponera","Yes",33.9,38,"Note"
"683","Ponera_wheeleri",44602,"Ponerinae","None","Ponera","Yes",33.9,38,"Note"
"684","Ponerinae",36397,"Ponerinae","None","None","Yes",47.8,56,"Note"
"685","Ponerites",51861,"Ponerinae","None","Ponerites","Yes",33.9,38,"Note"
"686","Ponerites_antropovi",51861,"Ponerinae","None","Ponerites","Yes",33.9,38,"Note"
"687","Ponerites_atavinus",37344,"Ponerinae","None","Ponerites","Yes",11.608,12.7,"Note"
"688","Ponerites_coloradensis",44418,"Ponerinae","None","Ponerites","Yes",46.2,50.3,"Note"
"689","Ponerites_crawleyi",5061,"Ponerinae","None","Ponerites","Yes",33.9,38,"Note"
"690","Ponerites_elongatus",38709,"Ponerinae","None","Ponerites","Yes",11.608,12.7,"Note"
"691","Ponerites_eocenicus",44418,"Ponerinae","None","Ponerites","Yes",46.2,50.3,"Note"
"692","Ponerites_gracilior",38709,"Ponerinae","None","Ponerites","Yes",11.608,12.7,"Note"
"693","Ponerites_hooleyi",51861,"Ponerinae","None","Ponerites","Yes",33.9,38,"Note"
"694","Ponerites_hypoponeroides",44418,"Ponerinae","None","Ponerites","Yes",46.2,50.3,"Note"
"695","Ponerites_kishenehne",55770,"Ponerinae","None","Ponerites","Yes",41.3,47.8,"Note"
"696","Ponerites_nitidus",37344,"Ponerinae","None","Ponerites","Yes",11.608,12.7,"Note"
"697","Ponerites_oblongiceps",51760,"Ponerinae","None","Ponerites","Yes",11.608,12.7,"Note"
"698","Ponerites_tenuis",38709,"Ponerinae","None","Ponerites","Yes",11.608,12.7,"Note"
"699","Ponerites_umbrus",44457,"Ponerinae","None","Ponerites","Yes",11.608,15.97,"Note"
"700","Poneropsis_crassinervis",37344,"Ponerinae","None","Poneropsis","Yes",12.7,13.65,"Note"
"701","Poneropsis_escheri",38709,"Ponerinae","None","Poneropsis","Yes",11.608,12.7,"Note"
"702","Poneropsis_fuliginosa",37344,"Ponerinae","None","Poneropsis","Yes",11.608,12.7,"Note"
"703","Poneropsis_globosa",37344,"Ponerinae","None","Poneropsis","Yes",11.608,12.7,"Note"
"704","Poneropsis_longaeva",37344,"Ponerinae","None","Poneropsis","Yes",11.608,12.7,"Note"
"705","Poneropsis_rhenana",44626,"Ponerinae","None","Poneropsis","Yes",23.03,28.4,"Note"
"706","Poneropsis_stygia",38709,"Ponerinae","None","Poneropsis","Yes",11.608,12.7,"Note"
"707","Poneropsis_veneraria",47508,"Ponerinae","None","Poneropsis","Yes",11.608,12.7,"Note"
"708","Poneropsis_ventrosa",37344,"Ponerinae","None","Poneropsis","Yes",11.608,12.7,"Note"
"709","Protopone_dubia",43781,"Ponerinae","None","Protopone","Yes",40.4,48.6,"Note"
"710","Protopone_germanica",43781,"Ponerinae","None","Protopone","Yes",40.4,48.6,"Note"
"711","Protopone_magna",43781,"Ponerinae","None","Protopone","Yes",40.4,48.6,"Note"
"712","Protopone_oculata",43781,"Ponerinae","None","Protopone","Yes",40.4,48.6,"Note"
"713","Protopone_primigena",44404,"Ponerinae","None","Protopone","Yes",41.3,47.8,"Note"
"714","Protopone_sepulta",43781,"Ponerinae","None","Protopone","Yes",40.4,48.6,"Note"
"715","Protopone_vetula",43781,"Ponerinae","None","Protopone","Yes",40.4,48.6,"Note"
"716","Taphopone_aberrans",51861,"Ponerinae","None","Taphopone","Yes",33.9,38,"Note"
"717","Taphopone_karaganensis",41286,"Ponerinae","None","Taphopone","Yes",11.608,15.97,"Note"
"718","Taphopone_macroptera",51861,"Ponerinae","None","Taphopone","Yes",33.9,38,"Note"
"719","Taphopone_microptera",51861,"Ponerinae","None","Taphopone","Yes",33.9,38,"Note"
"720","Taphopone_petrosa",51861,"Ponerinae","None","Taphopone","Yes",33.9,38,"Note"
"721","Taphopone_stauropolitanus",41286,"Ponerinae","None","Taphopone","Yes",11.608,15.97,"Note"
"722","Bradoponera",44437,"Proceratiinae","None","Bradoponera","Yes",33.9,38,"Note"
"723","Bradoponera_electrina",44437,"Proceratiinae","None","Bradoponera","Yes",33.9,38,"Note"
"724","Bradoponera_meieri",44414,"Proceratiinae","None","Bradoponera","Yes",33.9,38,"Note"
"725","Bradoponera_similis",44602,"Proceratiinae","None","Bradoponera","Yes",33.9,38,"Note"
"726","Bradoponera_wunderlichi",44437,"Proceratiinae","None","Bradoponera","Yes",33.9,38,"Note"
"727","Discothyrea_gigas",44527,"Proceratiinae","None","Discothyrea","Yes",13.82,20.44,"Note"
"728","Discothyrea_maya",44527,"Proceratiinae","None","Discothyrea","Yes",15.97,23.03,"Note"
"729","Proceratium_denticulatum",44629,"Proceratiinae","None","Proceratium","Yes",13.82,20.44,"Note"
"730","Proceratium_dominicanum",40049,"Proceratiinae","None","Proceratium","Yes",13.82,20.44,"Note"
"731","Proceratium_eocenicum",44602,"Proceratiinae","None","Proceratium","Yes",33.9,38,"Note"
"732","Proceratium_gibberum",40049,"Proceratiinae","None","Proceratium","Yes",13.82,20.44,"Note"
"733","Proceratium_petrosum",56094,"Proceratiinae","None","Proceratium","Yes",33.9,38,"Note"
"734","Proceratium_poinari",40049,"Proceratiinae","None","Proceratium","Yes",13.82,20.44,"Note"
"735","Pseudomyrmex_antiquus",44631,"Pseudomyrmecinae","None","Pseudomyrmex","Yes",13.82,20.44,"Note"
"736","Pseudomyrmex_avitus",44631,"Pseudomyrmecinae","None","Pseudomyrmex","Yes",13.82,20.44,"Note"
"737","Pseudomyrmex_baros",44631,"Pseudomyrmecinae","None","Pseudomyrmex","Yes",13.82,20.44,"Note"
"738","Pseudomyrmex_coruscus",44631,"Pseudomyrmecinae","None","Pseudomyrmex","Yes",13.82,20.44,"Note"
"739","Pseudomyrmex_extinctus",4971,"Pseudomyrmecinae","None","Pseudomyrmex","Yes",33.9,37.2,"Note"
"740","Pseudomyrmex_macrops",44631,"Pseudomyrmecinae","None","Pseudomyrmex","Yes",13.82,20.44,"Note"
"741","Pseudomyrmex_nexilis",44631,"Pseudomyrmecinae","None","Pseudomyrmex","Yes",13.82,20.44,"Note"
"742","Pseudomyrmex_oryctus",44631,"Pseudomyrmecinae","None","Pseudomyrmex","Yes",13.82,20.44,"Note"
"743","Pseudomyrmex_prioris",44631,"Pseudomyrmecinae","None","Pseudomyrmex","Yes",13.82,20.44,"Note"
"744","Pseudomyrmex_saxulum",55770,"Pseudomyrmecinae","None","Pseudomyrmex","Yes",41.3,47.8,"Note"
"745","Pseudomyrmex_simplex",44631,"Pseudomyrmecinae","None","Pseudomyrmex","Yes",0,0.0117,"Note"
"746","Pseudomyrmex_succinus",44631,"Pseudomyrmecinae","None","Pseudomyrmex","Yes",13.82,20.44,"Note"
"747","Pseudomyrmex_thecolor",44631,"Pseudomyrmecinae","None","Pseudomyrmex","Yes",13.82,20.44,"Note"
"748","Pseudomyrmex_vicinus",44631,"Pseudomyrmecinae","None","Pseudomyrmex","Yes",13.82,20.44,"Note"
"749","Tetraponera_europaea",44602,"Pseudomyrmecinae","None","Tetraponera","Yes",33.9,38,"Note"
"750","Tetraponera_groehni",44602,"Pseudomyrmecinae","None","Tetraponera","Yes",33.9,38,"Note"
"751","Tetraponera_klebsi",38999,"Pseudomyrmecinae","None","Tetraponera","Yes",28.4,33.9,"Note"
"752","Tetraponera_lacrimarum",40999,"Pseudomyrmecinae","None","Tetraponera","Yes",33.9,38,"Note"
"753","Tetraponera_ocellata",44414,"Pseudomyrmecinae","None","Tetraponera","Yes",33.9,38,"Note"
"754","Tetraponera_oligocenica",38999,"Pseudomyrmecinae","None","Tetraponera","Yes",33.9,37.2,"Note"
"755","Tetraponera_simplex",44414,"Pseudomyrmecinae","None","Tetraponera","Yes",33.9,38,"Note"
"756","Gerontoformica",58266,"Sphecomyrminae","None","Gerontoformica","Yes",93.5,99.6,"Note"
"757","Gerontoformica_contegus",50661,"Sphecomyrminae","None","Gerontoformica","Yes",93.5,99.6,"Note"
"758","Gerontoformica_cretacica",35083,"Sphecomyrminae","None","Gerontoformica","Yes",99.6,105.3,"Note"
"759","Gerontoformica_gracilis",50661,"Sphecomyrminae","None","Gerontoformica","Yes",93.5,99.6,"Note"
"760","Gerontoformica_magnus",50661,"Sphecomyrminae","None","Gerontoformica","Yes",93.5,99.6,"Note"
"761","Gerontoformica_maraudera",58266,"Sphecomyrminae","None","Gerontoformica","Yes",93.5,99.6,"Note"
"762","Gerontoformica_occidentalis",44281,"Sphecomyrminae","None","Gerontoformica","Yes",93.5,99.6,"Note"
"763","Gerontoformica_orientalis",36535,"Sphecomyrminae","None","Gerontoformica","Yes",93.5,99.6,"Note"
"764","Gerontoformica_pilosus",50661,"Sphecomyrminae","None","Gerontoformica","Yes",93.5,99.6,"Note"
"765","Gerontoformica_robustus",50661,"Sphecomyrminae","None","Gerontoformica","Yes",93.5,99.6,"Note"
"766","Gerontoformica_rugosus",50661,"Sphecomyrminae","None","Gerontoformica","Yes",93.5,99.6,"Note"
"767","Gerontoformica_spiralis",50661,"Sphecomyrminae","None","Gerontoformica","Yes",93.5,99.6,"Note"
"768","Gerontoformica_subcuspis",50661,"Sphecomyrminae","None","Gerontoformica","Yes",93.5,99.6,"Note"
"769","Gerontoformica_tendir",50661,"Sphecomyrminae","None","Gerontoformica","Yes",93.5,99.6,"Note"
"770","Haidomyrmex_cerberus",39313,"Sphecomyrminae","None","Haidomyrmex","Yes",93.5,99.6,"Note"
"771","Haidomyrmex_scimitarus",44280,"Sphecomyrminae","None","Haidomyrmex","Yes",93.5,99.6,"Note"
"772","Haidomyrmex_zigrasi",44280,"Sphecomyrminae","None","Haidomyrmex","Yes",93.5,99.6,"Note"
"773","Haidomyrmodes_mammuthus",44281,"Sphecomyrminae","None","Haidomyrmodes","Yes",99.6,105.3,"Note"
"774","Haidoterminus_cippus",47973,"Sphecomyrminae","None","Haidoterminus","Yes",70.6,83.5,"Note"
"775","Sphecomyrminae",36535,"Sphecomyrminae","None","Sphecomyrminae","Yes",89.8,93.9,"Note"
"776","Sphecomyrminae_canadensis",38990,"Sphecomyrminae","None","Sphecomyrminae","Yes",70.6,83.5,"Note"
"777","Sphecomyrminae_freyi",36535,"Sphecomyrminae","None","Sphecomyrminae","Yes",89.8,93.9,"Note"
"778","Sphecomyrminae_mesaki",36535,"Sphecomyrminae","None","Sphecomyrminae","Yes",89.8,93.9,"Note"
"779","Zigrasimecia_ferox",50003,"Sphecomyrminae","None","Zigrasimecia","Yes",93.5,99.6,"Note"
"780","Zigrasimecia_tonsora",47310,"Sphecomyrminae","None","Zigrasimecia","Yes",93.5,99.6,"Note"
"781","Baikuris",48703,"Sphecomyrminae","None","Baikuris","Yes",72.1,83.6,"Note"
"782","Baikuris_casei",5815,"Sphecomyrminae","None","Baikuris","Yes",89.8,93.9,"Note"
"783","Baikuris_mandibularis",39885,"Sphecomyrminae","None","Baikuris","Yes",83.6,89.8,"Note"
"784","Baikuris_maximus",53728,"Sphecomyrminae","None","Baikuris","Yes",99.6,105.3,"Note"
"785","Baikuris_mirabilis",39885,"Sphecomyrminae","None","Baikuris","Yes",83.6,89.8,"Note"
"786","Ceratomyrmex_ellenbergeri",59331,"Sphecomyrminae","None","Ceratomyrmex","Yes",93.5,99.6,"Stem Ant"
"787","Cretomyrma_arnoldii",37059,"Sphecomyrminae","None","Cretomyrma","Yes",83.6,86.3,"Stem Ant"
"788","Cretomyrma_unicornis",37059,"Sphecomyrminae","None","Cretomyrma","Yes",83.6,86.3,"Stem Ant"
"789","Dlusskyidris_zherichini",37059,"Sphecomyrminae","None","Dlusskyidris","Yes",83.6,86.3,"Note"
